﻿Country;Continent
Albania;Europe
Antigua and Barbuda;Americas
Argentina;Americas
Armenia;Asia
Aruba;Americas
Australia;Oceania
Austria;Europe
Azerbaijan;Asia
Bahamas;Americas
Bahrain;Asia
Barbados;Americas
Belarus;Europe
Belgium;Europe
Belize;Americas
Brazil;Americas
Bulgaria;Europe
Canada;Americas
Chile;Americas
Colombia;Americas
Costa Rica;Americas
Croatia;Europe
Cuba;Americas
Cyprus;Asia
Czech Republic;Europe
Denmark;Europe
Ecuador;Americas
El Salvador;Americas
Estonia;Europe
Fiji;Oceania
Finland;Europe
France;Europe
Georgia;Asia
Germany;Europe
Greece;Europe
Grenada;Americas
Guatemala;Americas
Guyana;Americas
Hungary;Europe
Iceland;Europe
Ireland;Europe
Israel;Asia
Italy;Europe
Jamaica;Americas
Japan;Asia
Kazakhstan;Asia
Kiribati;Oceania
Kuwait;Asia
Kyrgyzstan;Asia
Latvia;Europe
Lithuania;Europe
Luxembourg;Europe
Maldives;Asia
Malta;Europe
Mauritius;Africa
Mexico;Americas
Montenegro;Europe
Netherlands;Europe
New Zealand;Oceania
Nicaragua;Americas
Norway;Europe
Panama;Americas
Paraguay;Americas
Philippines;Asia
Poland;Europe
Portugal;Europe
Puerto Rico;Americas
Qatar;Asia
Republic of Korea;Asia
Romania;Europe
Russian Federation;Europe
Saint Lucia;Americas
Saint Vincent and Grenadines;Americas
Serbia;Europe
Seychelles;Africa
Singapore;Asia
Slovakia;Europe
Slovenia;Europe
South Africa;Africa
Spain;Europe
Sri Lanka;Asia
Suriname;Americas
Sweden;Europe
Switzerland;Europe
Thailand;Asia
Trinidad and Tobago;Americas
Turkey;Asia
Turkmenistan;Asia
Ukraine;Europe
United Arab Emirates;Asia
United Kingdom;Europe
United States;Americas
Uruguay;Americas
Uzbekistan;Asia
